Time;channel_11;channel_12;channel_13;channel_14;channel_15;channel_16;channel_17;channel_18;channel_19;channel_20;channel_21;channel_22;channel_23;channel_24;channel_25;channel_26
2016-08-08T17:42:36.340Z;-95;-87;-96;-96;-94;-89;-83;-96;-97;-102;-99;-95;-95;-97;-100;-100
2016-08-08T17:42:38.987Z;-88;-83;-93;-91;-95;-86;-94;-94;-99;-100;-98;-97;-98;-97;-100;-98
2016-08-08T17:42:41.636Z;-95;-51;-51;-94;-97;-100;-98;-98;-95;-102;-98;-100;-100;-100;-101;-100
2016-08-08T17:42:44.284Z;-95;-94;-90;-93;-94;-98;-97;-91;-99;-102;-94;-94;-98;-101;-99;-99
2016-08-08T17:42:46.932Z;-98;-93;-89;-96;-90;-94;-89;-94;-98;-100;-99;-96;-94;-99;-101;-96
2016-08-08T17:42:49.581Z;-94;-86;-90;-86;-98;-85;-97;-98;-91;-97;-99;-99;-96;-94;-100;-99
2016-08-08T17:42:52.229Z;-94;-90;-95;-99;-95;-94;-99;-100;-101;-100;-97;-98;-99;-102;-100;-98
2016-08-08T17:42:54.877Z;-87;-92;-86;-95;-95;-93;-89;-85;-96;-99;-97;-98;-98;-98;-99;-98
2016-08-08T17:42:57.526Z;-96;-91;-92;-84;-96;-91;-99;-101;-91;-96;-96;-95;-99;-99;-97;-98
2016-08-08T17:43:00.175Z;-92;-87;-87;-96;-93;-90;-96;-88;-100;-102;-100;-95;-94;-100;-101;-98
2016-08-08T17:43:02.823Z;-96;-93;-97;-90;-95;-100;-95;-92;-93;-98;-100;-98;-97;-99;-100;-100
2016-08-08T17:43:05.471Z;-95;-96;-94;-96;-98;-96;-96;-94;-93;-99;-99;-99;-100;-101;-99;-97
2016-08-08T17:43:08.119Z;-85;-86;-81;-88;-97;-95;-84;-87;-97;-100;-98;-95;-93;-99;-99;-99
2016-08-08T17:43:10.768Z;-97;-90;-87;-100;-93;-98;-98;-93;-91;-100;-100;-95;-98;-100;-100;-100
2016-08-08T17:43:13.417Z;-92;-95;-86;-97;-93;-96;-92;-100;-100;-101;-99;-96;-94;-99;-101;-100
2016-08-08T17:43:16.065Z;-97;-96;-88;-87;-98;-97;-90;-100;-100;-101;-100;-98;-100;-99;-101;-100
2016-08-08T17:43:18.712Z;-99;-91;-89;-91;-97;-97;-98;-96;-98;-98;-95;-98;-99;-99;-99;-97
2016-08-08T17:43:21.361Z;-93;-88;-84;-92;-93;-98;-99;-99;-96;-100;-95;-94;-94;-100;-99;-100
2016-08-08T17:43:24.009Z;-92;-86;-91;-94;-95;-96;-87;-98;-94;-98;-101;-89;-91;-99;-101;-101
2016-08-08T17:43:26.657Z;-98;-89;-89;-94;-99;-99;-100;-100;-97;-100;-101;-98;-98;-98;-100;-98
2016-08-08T17:43:29.306Z;-96;-65;-49;-87;-99;-100;-96;-85;-92;-100;-98;-100;-99;-101;-99;-100
2016-08-08T17:43:31.954Z;-93;-84;-94;-93;-95;-86;-88;-90;-96;-101;-96;-99;-95;-97;-101;-98
2016-08-08T17:43:34.603Z;-97;-83;-70;-93;-94;-94;-94;-93;-99;-97;-95;-94;-95;-98;-100;-98
2016-08-08T17:43:37.251Z;-96;-79;-90;-95;-100;-89;-95;-99;-100;-101;-99;-98;-94;-98;-97;-97
2016-08-08T17:43:39.900Z;-93;-94;-82;-92;-93;-97;-90;-91;-97;-101;-101;-96;-99;-97;-100;-99
2016-08-08T17:43:42.548Z;-80;-57;-89;-94;-96;-93;-97;-95;-94;-98;-99;-94;-99;-101;-100;-97
2016-08-08T17:43:45.197Z;-94;-89;-82;-96;-94;-95;-90;-86;-95;-101;-99;-97;-95;-101;-100;-99
2016-08-08T17:43:47.845Z;-95;-87;-89;-96;-94;-93;-98;-96;-96;-97;-100;-95;-91;-100;-100;-100
2016-08-08T17:43:50.493Z;-96;-86;-89;-95;-97;-92;-93;-101;-100;-100;-99;-96;-95;-99;-101;-98
2016-08-08T17:43:53.141Z;-95;-97;-89;-98;-98;-99;-95;-100;-101;-102;-94;-95;-96;-99;-100;-96
2016-08-08T17:43:55.791Z;-81;-92;-92;-93;-95;-101;-100;-96;-95;-101;-96;-98;-99;-101;-101;-100
2016-08-08T17:43:58.438Z;-96;-86;-86;-93;-94;-93;-99;-91;-99;-100;-98;-94;-92;-100;-99;-100
2016-08-08T17:44:01.086Z;-81;-91;-90;-93;-99;-100;-87;-96;-99;-100;-98;-98;-93;-98;-100;-98
2016-08-08T17:44:03.734Z;-91;-93;-77;-82;-94;-90;-98;-101;-94;-97;-98;-101;-98;-101;-101;-99
2016-08-08T17:44:06.383Z;-98;-90;-95;-92;-95;-96;-97;-99;-96;-99;-98;-99;-98;-99;-99;-99
2016-08-08T17:44:09.031Z;-96;-84;-91;-93;-94;-101;-83;-96;-95;-101;-90;-88;-91;-92;-101;-99
2016-08-08T17:44:11.679Z;-97;-91;-92;-100;-97;-92;-96;-98;-99;-99;-96;-96;-94;-98;-101;-98
2016-08-08T17:44:14.327Z;-96;-96;-93;-93;-97;-96;-96;-97;-99;-102;-99;-99;-99;-97;-98;-97
2016-08-08T17:44:16.976Z;-96;-50;-50;-97;-99;-101;-92;-93;-89;-99;-96;-95;-96;-98;-101;-98
2016-08-08T17:44:19.625Z;-94;-94;-73;-89;-93;-92;-100;-93;-92;-97;-97;-98;-97;-101;-101;-96
2016-08-08T17:44:22.273Z;-96;-92;-94;-97;-94;-91;-94;-92;-99;-101;-100;-95;-95;-101;-101;-101
2016-08-08T17:44:24.921Z;-98;-98;-83;-90;-90;-93;-95;-90;-101;-101;-101;-100;-96;-100;-100;-97
2016-08-08T17:44:27.569Z;-95;-90;-94;-98;-98;-95;-83;-92;-101;-97;-98;-98;-98;-100;-100;-95
2016-08-08T17:44:30.218Z;-75;-65;-73;-91;-98;-92;-95;-98;-100;-97;-96;-98;-97;-101;-101;-99
2016-08-08T17:44:32.866Z;-97;-95;-86;-89;-94;-93;-97;-93;-93;-100;-95;-90;-91;-97;-96;-97
2016-08-08T17:44:35.514Z;-95;-98;-95;-98;-96;-93;-86;-79;-88;-97;-96;-98;-95;-99;-99;-98
2016-08-08T17:44:38.162Z;-94;-92;-82;-93;-95;-80;-75;-75;-88;-99;-100;-97;-95;-96;-98;-97
2016-08-08T17:44:40.812Z;-95;-94;-83;-92;-99;-91;-96;-84;-87;-99;-98;-100;-100;-98;-101;-100
2016-08-08T17:44:43.460Z;-88;-76;-78;-95;-93;-90;-90;-97;-101;-102;-98;-96;-98;-100;-99;-98
2016-08-08T17:44:46.108Z;-95;-97;-91;-92;-93;-91;-95;-98;-99;-101;-100;-96;-97;-98;-99;-98
2016-08-08T17:44:48.757Z;-96;-95;-88;-94;-101;-97;-98;-98;-95;-99;-91;-98;-92;-99;-101;-100
2016-08-08T17:44:51.405Z;-91;-90;-82;-83;-97;-98;-92;-97;-100;-101;-94;-95;-96;-96;-99;-96
2016-08-08T17:44:54.053Z;-100;-91;-90;-92;-100;-90;-96;-81;-92;-101;-94;-98;-97;-94;-98;-97
2016-08-08T17:44:56.701Z;-98;-90;-89;-93;-93;-96;-99;-92;-98;-98;-98;-93;-98;-100;-101;-100
2016-08-08T17:44:59.349Z;-95;-91;-86;-95;-97;-93;-93;-86;-98;-98;-99;-93;-93;-100;-100;-98
2016-08-08T17:45:01.998Z;-95;-97;-94;-97;-96;-92;-88;-88;-86;-96;-101;-99;-99;-98;-101;-98
2016-08-08T17:45:04.646Z;-96;-86;-52;-80;-97;-96;-94;-97;-100;-99;-96;-99;-98;-100;-99;-93
2016-08-08T17:45:07.295Z;-97;-96;-87;-91;-94;-95;-92;-97;-99;-102;-97;-95;-97;-98;-100;-95
2016-08-08T17:45:09.943Z;-96;-93;-91;-88;-92;-88;-98;-80;-97;-100;-99;-95;-97;-101;-101;-101
2016-08-08T17:45:12.591Z;-98;-83;-90;-96;-96;-92;-93;-100;-95;-100;-97;-98;-98;-98;-101;-98
2016-08-08T17:45:15.240Z;-98;-92;-89;-101;-94;-96;-91;-99;-98;-101;-101;-94;-95;-96;-101;-97
2016-08-08T17:45:17.889Z;-98;-63;-58;-94;-96;-101;-99;-92;-95;-100;-96;-99;-95;-99;-100;-97
2016-08-08T17:45:20.536Z;-94;-85;-95;-93;-88;-93;-98;-97;-98;-102;-99;-97;-97;-100;-99;-99
2016-08-08T17:45:23.186Z;-91;-96;-85;-90;-96;-97;-78;-99;-99;-102;-101;-97;-93;-95;-100;-97
2016-08-08T17:45:25.834Z;-94;-91;-91;-93;-92;-95;-93;-99;-91;-99;-101;-96;-98;-98;-101;-98
2016-08-08T17:45:28.482Z;-97;-92;-88;-97;-95;-88;-92;-96;-100;-101;-101;-97;-98;-98;-101;-99
2016-08-08T17:45:31.131Z;-78;-84;-81;-87;-94;-90;-88;-88;-94;-102;-97;-97;-98;-100;-101;-101
2016-08-08T17:45:33.779Z;-96;-94;-93;-94;-92;-95;-99;-96;-98;-97;-98;-94;-99;-99;-101;-98
2016-08-08T17:45:36.428Z;-97;-82;-76;-98;-100;-93;-91;-95;-99;-102;-97;-94;-98;-100;-99;-98
2016-08-08T17:45:39.077Z;-96;-87;-91;-77;-92;-99;-94;-89;-96;-102;-97;-94;-95;-98;-100;-101
2016-08-08T17:45:41.725Z;-97;-90;-93;-91;-96;-100;-98;-97;-99;-99;-97;-88;-96;-100;-98;-100
2016-08-08T17:45:44.375Z;-97;-91;-89;-94;-89;-93;-91;-100;-100;-102;-100;-94;-96;-98;-100;-100
2016-08-08T17:45:47.023Z;-92;-91;-84;-95;-90;-85;-91;-94;-96;-101;-100;-99;-97;-98;-101;-98
2016-08-08T17:45:49.672Z;-96;-87;-94;-94;-97;-97;-99;-100;-101;-101;-98;-96;-99;-97;-101;-100
2016-08-08T17:45:52.320Z;-98;-90;-59;-81;-99;-97;-92;-92;-99;-102;-97;-96;-99;-101;-101;-99
2016-08-08T17:45:54.969Z;-89;-90;-76;-88;-93;-99;-99;-97;-97;-100;-98;-97;-96;-99;-97;-98
2016-08-08T17:45:57.617Z;-97;-84;-93;-94;-94;-98;-100;-98;-96;-100;-100;-93;-91;-99;-101;-99
2016-08-08T17:46:00.266Z;-95;-90;-95;-98;-100;-98;-90;-100;-100;-102;-94;-99;-95;-99;-100;-100
2016-08-08T17:46:02.915Z;-94;-96;-91;-96;-99;-95;-91;-99;-98;-101;-100;-100;-99;-99;-101;-101
2016-08-08T17:46:05.563Z;-97;-69;-59;-82;-99;-93;-92;-95;-96;-98;-98;-92;-96;-97;-101;-98
2016-08-08T17:46:08.212Z;-98;-91;-93;-97;-94;-73;-89;-97;-100;-101;-98;-94;-95;-101;-100;-95
2016-08-08T17:46:10.860Z;-93;-94;-93;-96;-95;-95;-99;-93;-81;-99;-91;-92;-89;-89;-99;-99
2016-08-08T17:46:13.509Z;-91;-90;-93;-93;-96;-90;-90;-97;-101;-102;-93;-94;-87;-89;-99;-98
2016-08-08T17:46:16.158Z;-92;-88;-97;-92;-100;-96;-94;-90;-89;-100;-94;-92;-87;-91;-101;-95
2016-08-08T17:46:18.807Z;-90;-52;-68;-93;-94;-101;-98;-94;-98;-101;-94;-92;-92;-95;-101;-94
2016-08-08T17:46:21.455Z;-97;-97;-85;-91;-94;-93;-93;-95;-90;-101;-92;-91;-92;-96;-100;-97
2016-08-08T17:46:24.103Z;-98;-89;-94;-97;-99;-99;-98;-87;-95;-101;-90;-94;-91;-97;-101;-101
2016-08-08T17:46:26.752Z;-97;-89;-97;-96;-94;-94;-91;-97;-99;-101;-98;-98;-96;-92;-100;-98
2016-08-08T17:46:29.401Z;-97;-91;-88;-91;-95;-93;-91;-94;-95;-101;-97;-99;-99;-99;-100;-98
2016-08-08T17:46:32.050Z;-83;-52;-82;-96;-96;-98;-92;-95;-92;-101;-97;-97;-99;-97;-101;-100
2016-08-08T17:46:34.698Z;-96;-90;-96;-87;-99;-88;-91;-101;-94;-100;-98;-94;-95;-92;-101;-99
2016-08-08T17:46:37.347Z;-90;-87;-94;-98;-98;-92;-81;-92;-98;-101;-94;-95;-93;-93;-99;-100
2016-08-08T17:46:39.995Z;-96;-88;-76;-91;-94;-101;-93;-88;-95;-100;-92;-90;-89;-90;-100;-96
2016-08-08T17:46:42.644Z;-91;-96;-83;-91;-89;-98;-100;-94;-95;-101;-83;-88;-99;-100;-100;-97
2016-08-08T17:46:45.293Z;-93;-61;-55;-93;-96;-91;-89;-97;-98;-101;-101;-94;-97;-98;-98;-99
2016-08-08T17:46:47.941Z;-95;-91;-85;-96;-100;-88;-99;-97;-99;-100;-101;-97;-96;-97;-100;-98
2016-08-08T17:46:50.590Z;-96;-92;-93;-94;-95;-94;-90;-97;-99;-101;-97;-97;-97;-98;-100;-100
2016-08-08T17:46:53.238Z;-96;-82;-77;-88;-97;-101;-87;-92;-94;-100;-94;-98;-98;-99;-100;-94
2016-08-08T17:46:55.887Z;-98;-90;-89;-94;-89;-90;-97;-92;-95;-98;-95;-90;-95;-100;-101;-98
2016-08-08T17:46:58.535Z;-97;-65;-49;-85;-95;-86;-90;-96;-96;-101;-93;-84;-87;-99;-101;-100
2016-08-08T17:47:01.184Z;-65;-95;-92;-94;-97;-98;-97;-94;-99;-102;-100;-97;-94;-96;-101;-94
2016-08-08T17:47:03.832Z;-63;-92;-79;-93;-98;-99;-94;-97;-98;-98;-98;-100;-94;-95;-101;-97
2016-08-08T17:47:06.481Z;-73;-98;-78;-85;-94;-91;-99;-98;-98;-98;-98;-96;-96;-98;-99;-97
2016-08-08T17:47:09.130Z;-65;-97;-87;-96;-89;-83;-93;-88;-97;-100;-97;-92;-97;-98;-99;-96
2016-08-08T17:47:11.779Z;-61;-58;-75;-90;-99;-92;-97;-83;-96;-101;-100;-96;-95;-100;-99;-96
2016-08-08T17:47:14.427Z;-65;-81;-75;-89;-94;-97;-79;-90;-96;-100;-100;-100;-95;-97;-101;-95
2016-08-08T17:47:17.077Z;-69;-83;-79;-92;-91;-93;-92;-97;-96;-100;-95;-99;-98;-99;-100;-98
2016-08-08T17:47:19.724Z;-65;-78;-87;-93;-90;-97;-99;-98;-99;-101;-95;-91;-97;-99;-101;-98
2016-08-08T17:47:22.373Z;-67;-80;-95;-91;-93;-97;-93;-96;-98;-99;-96;-99;-93;-100;-101;-95
2016-08-08T17:47:25.022Z;-63;-73;-56;-83;-93;-95;-99;-96;-98;-99;-101;-99;-96;-97;-100;-100
2016-08-08T17:47:27.670Z;-67;-83;-84;-92;-95;-91;-98;-98;-101;-102;-97;-95;-99;-100;-101;-101
2016-08-08T17:47:30.318Z;-71;-90;-86;-94;-91;-100;-91;-92;-97;-102;-97;-99;-93;-99;-101;-99
2016-08-08T17:47:32.967Z;-70;-74;-88;-87;-96;-96;-98;-98;-100;-99;-94;-97;-96;-98;-101;-99
2016-08-08T17:47:35.616Z;-75;-76;-78;-94;-99;-90;-96;-98;-98;-101;-97;-96;-98;-99;-101;-98
2016-08-08T17:47:38.265Z;-79;-84;-86;-97;-98;-95;-93;-94;-95;-100;-96;-98;-97;-97;-100;-101
2016-08-08T17:47:40.913Z;-65;-84;-82;-89;-96;-99;-92;-98;-101;-98;-99;-99;-100;-99;-100;-97
2016-08-08T17:47:43.562Z;-77;-82;-77;-95;-78;-89;-97;-96;-97;-102;-99;-96;-95;-99;-101;-100
2016-08-08T17:47:46.210Z;-66;-88;-95;-90;-96;-95;-96;-91;-98;-99;-99;-95;-96;-98;-100;-99
2016-08-08T17:47:48.859Z;-69;-80;-84;-89;-98;-98;-96;-99;-96;-98;-98;-97;-98;-96;-101;-99
2016-08-08T17:47:51.507Z;-75;-53;-67;-79;-100;-98;-85;-98;-99;-101;-97;-98;-98;-99;-100;-99
2016-08-08T17:47:54.156Z;-80;-72;-69;-85;-84;-96;-91;-89;-91;-100;-96;-99;-97;-99;-101;-98
2016-08-08T17:47:56.804Z;-62;-83;-88;-97;-93;-95;-98;-93;-92;-95;-97;-95;-95;-96;-99;-100
2016-08-08T17:47:59.453Z;-65;-90;-78;-85;-97;-98;-88;-93;-94;-97;-99;-96;-92;-97;-99;-96
2016-08-08T17:48:02.101Z;-67;-95;-74;-88;-90;-99;-90;-96;-93;-101;-99;-98;-96;-93;-101;-96
2016-08-08T17:48:04.750Z;-64;-78;-72;-87;-89;-95;-83;-90;-101;-99;-89;-86;-95;-100;-99;-100
2016-08-08T17:48:07.398Z;-63;-84;-93;-98;-91;-98;-88;-95;-97;-98;-98;-97;-97;-99;-101;-98
2016-08-08T17:48:10.047Z;-62;-75;-68;-88;-95;-93;-99;-93;-95;-98;-99;-98;-90;-98;-100;-99
2016-08-08T17:48:12.696Z;-64;-72;-66;-93;-96;-91;-91;-99;-99;-101;-96;-94;-99;-98;-99;-96
2016-08-08T17:48:15.345Z;-65;-82;-80;-89;-97;-101;-87;-90;-98;-96;-91;-93;-98;-99;-100;-96
2016-08-08T17:48:17.994Z;-62;-71;-66;-83;-90;-99;-90;-86;-94;-99;-97;-98;-99;-99;-100;-98
2016-08-08T17:48:20.641Z;-66;-78;-81;-92;-92;-78;-97;-95;-98;-100;-99;-94;-97;-101;-101;-98
2016-08-08T17:48:23.290Z;-75;-81;-83;-94;-95;-97;-93;-84;-94;-102;-100;-96;-94;-95;-100;-99
2016-08-08T17:48:25.939Z;-74;-82;-84;-91;-98;-93;-97;-98;-98;-98;-96;-96;-96;-100;-101;-94
2016-08-08T17:48:28.588Z;-68;-83;-80;-88;-95;-95;-86;-98;-100;-101;-96;-95;-93;-96;-100;-95
2016-08-08T17:48:31.235Z;-67;-94;-72;-93;-93;-96;-95;-87;-98;-98;-95;-91;-93;-97;-100;-100
2016-08-08T17:48:33.885Z;-67;-85;-97;-93;-92;-93;-97;-100;-97;-98;-95;-97;-95;-98;-100;-101
2016-08-08T17:48:36.534Z;-63;-94;-88;-96;-94;-100;-87;-101;-96;-101;-100;-95;-97;-98;-101;-98
2016-08-08T17:48:39.182Z;-62;-97;-63;-88;-96;-101;-92;-100;-94;-98;-94;-97;-94;-97;-100;-98
2016-08-08T17:48:41.835Z;-77;-93;-97;-97;-91;-99;-91;-88;-98;-97;-99;-96;-95;-97;-98;-96
2016-08-08T17:48:44.479Z;-70;-83;-83;-86;-96;-96;-97;-86;-92;-99;-100;-94;-96;-97;-101;-96
2016-08-08T17:48:47.127Z;-64;-84;-88;-98;-99;-94;-96;-98;-92;-99;-100;-98;-95;-95;-98;-99
2016-08-08T17:48:49.776Z;-66;-79;-75;-89;-98;-96;-88;-98;-99;-102;-99;-97;-97;-96;-99;-97
2016-08-08T17:48:52.424Z;-74;-81;-54;-85;-95;-100;-94;-96;-97;-100;-88;-94;-96;-100;-100;-100
2016-08-08T17:48:55.073Z;-73;-89;-83;-89;-91;-97;-98;-101;-100;-96;-97;-93;-94;-98;-101;-100
2016-08-08T17:48:57.721Z;-72;-78;-61;-83;-91;-92;-98;-98;-90;-97;-96;-94;-93;-97;-101;-99
2016-08-08T17:49:00.370Z;-73;-95;-91;-100;-97;-99;-95;-90;-95;-99;-97;-100;-92;-94;-100;-95
2016-08-08T17:49:03.018Z;-74;-90;-95;-90;-96;-96;-88;-88;-94;-100;-94;-89;-95;-96;-99;-98
2016-08-08T17:49:05.667Z;-69;-78;-82;-90;-93;-90;-89;-93;-94;-101;-98;-95;-95;-101;-101;-100
2016-08-08T17:49:08.315Z;-69;-70;-86;-95;-89;-85;-84;-81;-89;-100;-99;-95;-97;-99;-99;-98
2016-08-08T17:49:10.963Z;-69;-85;-84;-95;-97;-94;-97;-89;-92;-99;-96;-99;-94;-96;-100;-99
2016-08-08T17:49:13.613Z;-69;-83;-82;-94;-95;-95;-83;-98;-99;-101;-100;-93;-97;-95;-100;-100
2016-08-08T17:49:16.261Z;-68;-53;-61;-88;-93;-95;-88;-96;-95;-93;-100;-100;-97;-98;-99;-99
2016-08-08T17:49:18.910Z;-73;-96;-74;-90;-92;-92;-90;-95;-95;-101;-97;-97;-97;-99;-99;-98
2016-08-08T17:49:21.558Z;-69;-80;-82;-83;-98;-93;-95;-99;-95;-98;-100;-92;-96;-98;-101;-99
2016-08-08T17:49:24.207Z;-78;-93;-88;-95;-101;-98;-98;-95;-89;-98;-99;-100;-98;-96;-100;-98
2016-08-08T17:49:26.855Z;-76;-91;-95;-93;-98;-87;-94;-99;-96;-102;-99;-99;-98;-100;-100;-96
2016-08-08T17:49:29.504Z;-71;-85;-79;-93;-94;-98;-92;-91;-96;-101;-92;-100;-96;-100;-101;-99
2016-08-08T17:49:32.152Z;-67;-70;-54;-86;-87;-92;-92;-93;-85;-98;-99;-94;-97;-98;-101;-98
2016-08-08T17:49:34.800Z;-68;-87;-84;-95;-98;-90;-90;-100;-97;-101;-94;-95;-91;-98;-100;-97
2016-08-08T17:49:37.449Z;-69;-82;-75;-90;-99;-98;-92;-95;-88;-100;-96;-96;-92;-98;-100;-99
2016-08-08T17:49:40.098Z;-78;-81;-90;-85;-93;-99;-94;-99;-96;-99;-100;-98;-98;-100;-100;-99
2016-08-08T17:49:42.747Z;-79;-84;-74;-92;-90;-94;-89;-99;-90;-96;-97;-97;-97;-100;-98;-100
2016-08-08T17:49:45.395Z;-73;-77;-71;-93;-97;-97;-98;-85;-100;-101;-101;-96;-97;-98;-101;-100
2016-08-08T17:49:48.044Z;-74;-95;-84;-93;-101;-100;-100;-95;-95;-96;-100;-99;-97;-95;-101;-98
2016-08-08T17:49:50.692Z;-72;-82;-81;-87;-100;-100;-87;-95;-93;-100;-97;-96;-96;-98;-101;-95
2016-08-08T17:49:53.342Z;-75;-89;-74;-83;-89;-92;-86;-85;-94;-98;-93;-92;-95;-100;-100;-100
2016-08-08T17:49:55.989Z;-72;-80;-84;-88;-88;-75;-97;-96;-93;-97;-97;-93;-95;-101;-100;-98
2016-08-08T17:49:58.638Z;-75;-82;-84;-93;-97;-95;-90;-87;-95;-100;-101;-97;-92;-98;-100;-97
2016-08-08T17:50:01.286Z;-74;-77;-87;-90;-96;-81;-85;-96;-94;-96;-99;-99;-98;-98;-100;-100
2016-08-08T17:50:03.935Z;-69;-79;-92;-89;-96;-99;-99;-97;-99;-101;-95;-97;-99;-99;-99;-96
2016-08-08T17:50:06.583Z;-69;-91;-64;-85;-92;-92;-88;-85;-96;-100;-98;-97;-94;-99;-99;-100
2016-08-08T17:50:09.232Z;-64;-69;-87;-93;-99;-98;-97;-99;-93;-98;-99;-93;-92;-99;-99;-98
2016-08-08T17:50:11.880Z;-70;-85;-94;-96;-100;-87;-92;-94;-93;-101;-98;-96;-95;-99;-101;-99
2016-08-08T17:50:14.528Z;-71;-78;-80;-91;-95;-99;-92;-83;-90;-99;-100;-99;-93;-99;-98;-97
2016-08-08T17:50:17.177Z;-69;-59;-75;-88;-94;-98;-98;-94;-90;-98;-94;-94;-93;-99;-99;-100
2016-08-08T17:50:19.826Z;-76;-80;-62;-86;-95;-87;-94;-97;-95;-101;-100;-94;-96;-101;-101;-101
2016-08-08T17:50:22.475Z;-76;-75;-75;-96;-97;-97;-100;-94;-96;-101;-100;-96;-95;-98;-100;-95
2016-08-08T17:50:25.123Z;-72;-72;-79;-88;-98;-97;-96;-97;-96;-99;-99;-98;-98;-96;-101;-95
2016-08-08T17:50:27.772Z;-69;-77;-71;-95;-97;-97;-93;-91;-100;-99;-101;-98;-100;-99;-100;-98
2016-08-08T17:50:30.419Z;-72;-91;-84;-98;-89;-97;-97;-95;-97;-100;-94;-97;-97;-97;-100;-97
2016-08-08T17:50:33.068Z;-70;-88;-66;-85;-94;-98;-91;-98;-98;-99;-97;-95;-91;-96;-99;-99
2016-08-08T17:50:35.717Z;-74;-89;-89;-93;-99;-93;-82;-89;-98;-101;-99;-99;-96;-97;-100;-99
2016-08-08T17:50:38.365Z;-74;-78;-82;-88;-98;-91;-87;-95;-95;-98;-99;-99;-98;-100;-99;-99
2016-08-08T17:50:41.014Z;-72;-87;-84;-89;-94;-93;-85;-97;-99;-102;-95;-93;-96;-99;-100;-97
2016-08-08T17:50:43.663Z;-70;-82;-90;-93;-97;-95;-97;-95;-94;-98;-99;-95;-99;-97;-96;-100
2016-08-08T17:50:46.311Z;-67;-76;-80;-92;-100;-97;-99;-97;-93;-100;-100;-99;-96;-97;-99;-93
2016-08-08T17:50:48.959Z;-69;-76;-97;-87;-88;-94;-93;-100;-98;-101;-98;-95;-97;-99;-101;-95
2016-08-08T17:50:51.608Z;-66;-80;-77;-93;-78;-91;-84;-89;-91;-101;-98;-99;-97;-100;-101;-98
2016-08-08T17:50:54.256Z;-70;-76;-86;-90;-92;-97;-98;-98;-91;-98;-91;-96;-99;-100;-100;-100
2016-08-08T17:50:56.904Z;-68;-93;-84;-94;-98;-91;-98;-91;-97;-101;-97;-94;-96;-100;-101;-99
2016-08-08T17:50:59.554Z;-65;-55;-73;-98;-97;-85;-90;-88;-95;-101;-100;-100;-98;-98;-101;-100
2016-08-08T17:51:02.202Z;-69;-90;-94;-92;-95;-101;-95;-96;-94;-100;-100;-99;-98;-101;-100;-98
2016-08-08T17:51:04.850Z;-65;-83;-86;-92;-96;-90;-92;-95;-98;-102;-97;-98;-95;-98;-101;-99
2016-08-08T17:51:07.499Z;-68;-92;-92;-87;-94;-98;-84;-90;-96;-99;-99;-97;-99;-100;-100;-98
2016-08-08T17:51:10.148Z;-73;-82;-81;-93;-95;-96;-93;-98;-98;-98;-97;-99;-93;-99;-99;-99
2016-08-08T17:51:12.796Z;-68;-89;-84;-90;-99;-98;-91;-98;-100;-102;-100;-98;-95;-97;-101;-101
2016-08-08T17:51:15.444Z;-79;-90;-96;-95;-97;-101;-96;-94;-91;-101;-95;-97;-96;-99;-98;-99
2016-08-08T17:51:18.093Z;-70;-78;-84;-89;-93;-96;-97;-95;-89;-97;-92;-97;-97;-98;-101;-101
2016-08-08T17:51:20.741Z;-70;-92;-84;-82;-97;-90;-85;-97;-97;-99;-97;-96;-95;-100;-101;-101
2016-08-08T17:51:23.390Z;-73;-98;-94;-96;-94;-99;-97;-98;-86;-98;-98;-100;-98;-96;-99;-98
2016-08-08T17:51:26.039Z;-71;-86;-88;-91;-97;-98;-95;-97;-96;-101;-99;-96;-97;-97;-100;-100
2016-08-08T17:51:28.687Z;-71;-87;-70;-88;-89;-98;-94;-82;-98;-100;-97;-96;-95;-96;-100;-100
2016-08-08T17:51:31.335Z;-74;-85;-89;-93;-93;-92;-89;-99;-97;-99;-95;-94;-99;-100;-100;-93
2016-08-08T17:51:33.984Z;-70;-82;-85;-93;-98;-94;-97;-99;-98;-101;-89;-96;-92;-97;-102;-100
2016-08-08T17:51:36.632Z;-74;-86;-90;-90;-86;-95;-95;-91;-96;-101;-96;-93;-92;-95;-100;-97
2016-08-08T17:51:39.280Z;-76;-75;-56;-80;-87;-97;-99;-97;-98;-100;-97;-96;-99;-99;-101;-95
2016-08-08T17:51:41.930Z;-81;-100;-91;-97;-97;-86;-95;-98;-96;-101;-98;-94;-94;-100;-101;-95
2016-08-08T17:51:44.577Z;-73;-65;-79;-93;-92;-93;-98;-99;-88;-99;-98;-98;-95;-98;-99;-97
2016-08-08T17:51:47.226Z;-66;-90;-90;-87;-95;-99;-97;-97;-97;-101;-98;-99;-97;-98;-101;-100
2016-08-08T17:51:49.875Z;-66;-83;-80;-92;-96;-93;-94;-99;-95;-102;-100;-96;-94;-100;-99;-97
2016-08-08T17:51:52.523Z;-74;-94;-91;-87;-92;-96;-99;-97;-97;-101;-99;-97;-97;-96;-100;-96
2016-08-08T17:51:55.172Z;-69;-94;-89;-97;-92;-87;-99;-99;-95;-99;-97;-92;-94;-100;-99;-97
2016-08-08T17:51:57.820Z;-73;-88;-78;-100;-99;-86;-93;-99;-89;-100;-90;-97;-94;-98;-101;-100
2016-08-08T17:52:00.469Z;-71;-84;-80;-79;-91;-97;-93;-98;-97;-101;-98;-95;-99;-98;-100;-100
2016-08-08T17:52:03.117Z;-71;-88;-85;-95;-94;-96;-97;-93;-98;-101;-94;-98;-96;-97;-100;-97
2016-08-08T17:52:05.766Z;-73;-80;-82;-92;-94;-97;-92;-87;-88;-99;-94;-89;-86;-91;-101;-100
2016-08-08T17:52:08.414Z;-74;-93;-93;-96;-97;-93;-93;-95;-90;-99;-92;-92;-91;-92;-100;-100
2016-08-08T17:52:11.062Z;-71;-87;-82;-92;-95;-94;-98;-100;-97;-101;-98;-94;-96;-98;-101;-98
2016-08-08T17:52:13.712Z;-71;-61;-67;-88;-94;-99;-93;-92;-94;-101;-100;-98;-98;-95;-101;-95
2016-08-08T17:52:16.360Z;-67;-74;-76;-90;-90;-93;-96;-82;-89;-99;-96;-96;-97;-101;-101;-95
2016-08-08T17:52:19.009Z;-64;-81;-90;-87;-96;-89;-98;-98;-93;-101;-98;-91;-98;-100;-101;-99
2016-08-08T17:52:21.656Z;-70;-83;-84;-95;-98;-93;-98;-91;-95;-101;-94;-95;-95;-96;-101;-99
2016-08-08T17:52:24.306Z;-71;-92;-88;-88;-99;-98;-93;-100;-99;-100;-95;-99;-99;-99;-100;-94
2016-08-08T17:52:26.954Z;-75;-67;-84;-95;-93;-93;-90;-97;-96;-101;-97;-98;-99;-100;-101;-99
2016-08-08T17:52:29.602Z;-75;-88;-78;-90;-95;-99;-101;-100;-93;-100;-97;-96;-98;-98;-100;-99
2016-08-08T17:52:32.250Z;-76;-89;-90;-90;-96;-96;-98;-100;-95;-100;-99;-95;-97;-101;-101;-99
2016-08-08T17:52:34.900Z;-70;-84;-84;-91;-93;-96;-91;-100;-94;-101;-100;-97;-96;-97;-101;-99
2016-08-08T17:52:37.548Z;-74;-84;-91;-91;-97;-97;-94;-97;-92;-101;-99;-100;-98;-99;-98;-98
2016-08-08T17:52:40.200Z;-70;-80;-75;-87;-92;-98;-96;-95;-97;-100;-98;-99;-99;-101;-100;-100
2016-08-08T17:52:42.846Z;-73;-79;-73;-89;-97;-94;-94;-91;-94;-99;-98;-95;-95;-98;-101;-96
2016-08-08T17:52:45.494Z;-68;-93;-69;-93;-95;-100;-80;-89;-91;-99;-100;-102;-94;-96;-101;-96
2016-08-08T17:52:48.142Z;-85;-76;-89;-90;-94;-97;-91;-97;-94;-97;-98;-98;-98;-99;-101;-101
2016-08-08T17:52:50.790Z;-66;-76;-77;-94;-98;-95;-95;-95;-94;-100;-98;-100;-97;-97;-100;-97
2016-08-08T17:52:53.438Z;-71;-69;-61;-90;-95;-83;-83;-89;-87;-97;-98;-96;-94;-99;-101;-100
2016-08-08T17:52:56.086Z;-78;-98;-82;-96;-84;-85;-96;-99;-95;-101;-90;-85;-91;-98;-99;-100
2016-08-08T17:52:58.736Z;-74;-98;-94;-89;-98;-95;-96;-90;-99;-100;-97;-100;-98;-95;-101;-98
2016-08-08T17:53:01.384Z;-71;-76;-55;-84;-93;-96;-95;-95;-99;-98;-99;-99;-99;-100;-99;-100
2016-08-08T17:53:04.032Z;-69;-97;-85;-89;-92;-92;-91;-94;-101;-98;-98;-99;-96;-96;-100;-99
2016-08-08T17:53:06.681Z;-69;-95;-97;-89;-90;-94;-98;-96;-97;-100;-95;-96;-95;-97;-100;-98
2016-08-08T17:53:09.329Z;-66;-93;-85;-91;-97;-97;-94;-97;-96;-97;-98;-101;-90;-99;-98;-99
2016-08-08T17:53:11.978Z;-68;-79;-87;-90;-96;-79;-84;-100;-100;-101;-100;-100;-96;-98;-98;-98
2016-08-08T17:53:14.627Z;-67;-81;-85;-92;-91;-87;-81;-84;-86;-97;-94;-96;-97;-101;-100;-92
2016-08-08T17:53:17.274Z;-71;-71;-86;-91;-90;-92;-80;-83;-86;-101;-99;-92;-92;-100;-99;-97
2016-08-08T17:53:19.923Z;-72;-81;-80;-97;-86;-83;-75;-77;-90;-100;-98;-98;-91;-97;-98;-97
2016-08-08T17:53:22.572Z;-70;-80;-80;-91;-95;-100;-96;-94;-98;-102;-101;-100;-99;-96;-99;-96
2016-08-08T17:53:25.220Z;-71;-92;-92;-93;-90;-95;-91;-97;-100;-101;-98;-98;-90;-97;-100;-100
2016-08-08T17:53:27.868Z;-72;-85;-96;-83;-93;-98;-89;-89;-94;-101;-98;-100;-91;-101;-102;-100
2016-08-08T17:53:30.517Z;-71;-91;-99;-96;-96;-98;-96;-96;-95;-102;-97;-88;-96;-95;-99;-95
2016-08-08T17:53:33.165Z;-72;-89;-78;-94;-94;-95;-92;-91;-96;-100;-96;-98;-90;-93;-99;-95
2016-08-08T17:53:35.813Z;-71;-80;-89;-89;-91;-94;-90;-90;-100;-102;-100;-97;-93;-96;-98;-97
2016-08-08T17:53:38.463Z;-80;-94;-92;-94;-96;-94;-99;-95;-91;-100;-100;-98;-95;-101;-99;-98
2016-08-08T17:53:41.111Z;-71;-61;-94;-96;-95;-89;-96;-99;-99;-102;-97;-91;-92;-100;-100;-100
2016-08-08T17:53:43.760Z;-75;-76;-72;-85;-98;-97;-86;-92;-100;-101;-100;-96;-98;-99;-100;-98
2016-08-08T17:53:46.408Z;-78;-92;-90;-88;-94;-96;-82;-92;-99;-98;-93;-100;-96;-99;-97;-96
2016-08-08T17:53:49.057Z;-68;-82;-90;-90;-93;-94;-91;-99;-101;-102;-97;-99;-98;-101;-97;-101
2016-08-08T17:53:51.705Z;-78;-95;-78;-95;-97;-100;-101;-95;-96;-102;-97;-98;-97;-99;-99;-98
2016-08-08T17:53:54.353Z;-68;-54;-89;-98;-97;-97;-100;-99;-95;-100;-96;-94;-95;-98;-100;-99
2016-08-08T17:53:57.002Z;-74;-95;-90;-92;-98;-88;-86;-90;-100;-101;-99;-93;-94;-96;-101;-96
2016-08-08T17:53:59.650Z;-76;-93;-72;-92;-96;-99;-97;-100;-94;-100;-98;-93;-96;-100;-100;-99
2016-08-08T17:54:02.298Z;-73;-84;-87;-92;-92;-99;-94;-97;-99;-102;-98;-95;-99;-100;-101;-96
2016-08-08T17:54:04.947Z;-79;-85;-95;-94;-90;-99;-93;-96;-100;-102;-93;-95;-97;-98;-99;-98
2016-08-08T17:54:07.595Z;-68;-91;-96;-97;-90;-90;-90;-90;-97;-98;-99;-98;-94;-97;-100;-98
2016-08-08T17:54:10.243Z;-71;-97;-93;-93;-97;-96;-98;-95;-95;-99;-96;-98;-95;-97;-99;-96
2016-08-08T17:54:12.892Z;-70;-99;-94;-93;-96;-100;-98;-84;-98;-101;-98;-96;-93;-102;-101;-98
2016-08-08T17:54:15.541Z;-70;-81;-89;-84;-92;-97;-97;-94;-97;-100;-97;-97;-96;-98;-101;-98
2016-08-08T17:54:18.189Z;-71;-93;-92;-100;-96;-87;-85;-99;-93;-98;-98;-94;-92;-97;-96;-99
2016-08-08T17:54:20.838Z;-69;-98;-92;-95;-100;-99;-99;-97;-100;-100;-101;-98;-91;-90;-100;-97
2016-08-08T17:54:23.486Z;-70;-87;-81;-93;-97;-98;-96;-98;-101;-98;-97;-98;-97;-95;-100;-95
2016-08-08T17:54:26.134Z;-72;-89;-81;-89;-97;-96;-86;-97;-98;-101;-100;-93;-96;-102;-99;-96
2016-08-08T17:54:28.783Z;-71;-52;-71;-96;-95;-101;-100;-94;-93;-102;-94;-95;-94;-99;-101;-98
2016-08-08T17:54:31.432Z;-72;-91;-89;-92;-96;-96;-98;-100;-98;-98;-98;-91;-95;-100;-100;-100
2016-08-08T17:54:34.081Z;-70;-80;-84;-88;-95;-97;-90;-100;-99;-101;-99;-98;-98;-98;-96;-98
2016-08-08T17:54:36.729Z;-71;-85;-88;-81;-91;-98;-98;-97;-93;-100;-100;-96;-95;-97;-98;-100
2016-08-08T17:54:39.376Z;-73;-88;-93;-95;-94;-94;-97;-96;-96;-101;-95;-99;-95;-98;-100;-99
2016-08-08T17:54:42.026Z;-72;-93;-85;-98;-96;-98;-90;-94;-92;-100;-99;-96;-98;-99;-101;-101
2016-08-08T17:54:44.673Z;-72;-74;-81;-91;-96;-76;-95;-92;-91;-99;-101;-99;-93;-101;-101;-95
2016-08-08T17:54:47.322Z;-65;-89;-89;-87;-96;-89;-80;-72;-85;-96;-96;-94;-97;-97;-98;-95
2016-08-08T17:54:49.970Z;-64;-53;-69;-91;-92;-78;-83;-76;-88;-102;-99;-97;-97;-98;-96;-99
2016-08-08T17:54:52.619Z;-66;-86;-80;-88;-96;-96;-100;-99;-96;-98;-97;-95;-97;-97;-99;-96
2016-08-08T17:54:55.267Z;-70;-90;-92;-96;-95;-89;-95;-84;-90;-98;-99;-91;-92;-99;-100;-96
2016-08-08T17:54:57.916Z;-68;-76;-83;-81;-94;-98;-99;-80;-86;-100;-93;-91;-97;-97;-99;-100
2016-08-08T17:55:00.564Z;-71;-98;-92;-97;-95;-97;-94;-100;-99;-98;-99;-98;-98;-99;-96;-97
2016-08-08T17:55:03.214Z;-73;-79;-92;-81;-89;-71;-86;-96;-94;-101;-99;-98;-94;-101;-99;-99
2016-08-08T17:55:05.861Z;-66;-91;-87;-97;-88;-98;-85;-96;-85;-98;-100;-94;-94;-96;-100;-99
2016-08-08T17:55:08.510Z;-71;-78;-77;-93;-93;-97;-95;-100;-100;-100;-99;-99;-92;-96;-100;-97
2016-08-08T17:55:11.158Z;-68;-59;-62;-86;-91;-98;-96;-98;-96;-102;-100;-97;-92;-96;-101;-93
2016-08-08T17:55:13.806Z;-70;-93;-84;-97;-95;-95;-98;-94;-94;-102;-97;-96;-98;-98;-98;-98
2016-08-08T17:55:16.455Z;-72;-95;-86;-91;-92;-96;-97;-93;-101;-102;-92;-96;-98;-100;-100;-99
2016-08-08T17:55:19.104Z;-67;-96;-88;-81;-97;-98;-95;-94;-101;-102;-97;-94;-96;-96;-96;-99
2016-08-08T17:55:21.751Z;-73;-92;-91;-96;-96;-97;-98;-100;-94;-97;-100;-100;-94;-99;-100;-100
2016-08-08T17:55:24.401Z;-69;-96;-90;-94;-96;-94;-83;-95;-102;-103;-98;-97;-99;-101;-100;-99
2016-08-08T17:55:27.049Z;-68;-88;-97;-93;-96;-100;-97;-88;-93;-97;-94;-93;-94;-96;-100;-99
2016-08-08T17:55:29.697Z;-68;-88;-89;-93;-95;-95;-99;-101;-99;-98;-101;-94;-99;-99;-101;-100
2016-08-08T17:55:32.345Z;-73;-53;-89;-98;-99;-85;-88;-94;-94;-98;-98;-100;-98;-97;-102;-95
2016-08-08T17:55:34.994Z;-75;-95;-95;-95;-98;-100;-93;-91;-97;-100;-96;-100;-97;-97;-101;-98
2016-08-08T17:55:37.642Z;-67;-100;-80;-93;-89;-96;-98;-97;-99;-98;-94;-90;-94;-96;-99;-98
2016-08-08T17:55:40.291Z;-80;-91;-95;-94;-94;-93;-91;-90;-98;-101;-97;-98;-98;-96;-102;-101
2016-08-08T17:55:42.939Z;-72;-93;-93;-88;-93;-96;-98;-81;-92;-99;-99;-91;-92;-95;-100;-100
2016-08-08T17:55:45.588Z;-70;-92;-99;-93;-92;-98;-96;-98;-100;-97;-97;-99;-95;-95;-100;-96
2016-08-08T17:55:48.236Z;-69;-93;-91;-97;-87;-91;-80;-98;-100;-97;-96;-92;-94;-99;-101;-100
2016-08-08T17:55:50.886Z;-69;-97;-89;-89;-95;-101;-98;-88;-98;-101;-98;-99;-95;-98;-100;-94
2016-08-08T17:55:53.533Z;-68;-60;-82;-89;-93;-95;-95;-96;-97;-99;-99;-95;-98;-98;-101;-101
2016-08-08T17:55:56.181Z;-68;-94;-76;-89;-90;-91;-86;-101;-97;-100;-98;-94;-95;-98;-101;-98
2016-08-08T17:55:58.829Z;-69;-92;-93;-96;-98;-96;-91;-96;-97;-100;-99;-98;-100;-98;-101;-100
2016-08-08T17:56:01.487Z;-68;-95;-94;-82;-95;-94;-95;-91;-95;-96;-96;-100;-98;-100;-98;-97
2016-08-08T17:56:04.127Z;-69;-92;-93;-89;-93;-101;-96;-97;-96;-100;-94;-95;-97;-97;-98;-100
2016-08-08T17:56:06.775Z;-69;-93;-89;-92;-93;-92;-85;-86;-91;-102;-100;-96;-90;-100;-101;-95
2016-08-08T17:56:09.424Z;-69;-92;-86;-97;-98;-88;-99;-97;-98;-101;-99;-99;-98;-98;-101;-100
2016-08-08T17:56:12.072Z;-69;-94;-94;-97;-96;-100;-94;-91;-101;-102;-95;-94;-98;-100;-100;-99
2016-08-08T17:56:14.720Z;-68;-57;-56;-90;-93;-99;-92;-95;-98;-94;-90;-90;-96;-101;-99;-97
2016-08-08T17:56:17.368Z;-69;-87;-84;-98;-92;-95;-91;-95;-98;-97;-89;-91;-89;-99;-99;-99
2016-08-08T17:56:20.017Z;-68;-97;-98;-95;-99;-97;-84;-90;-97;-100;-98;-90;-92;-99;-99;-99
2016-08-08T17:56:22.665Z;-69;-95;-93;-95;-91;-91;-89;-100;-94;-99;-98;-90;-92;-97;-102;-98
2016-08-08T17:56:25.314Z;-69;-90;-93;-89;-101;-91;-96;-95;-99;-99;-99;-97;-96;-90;-101;-99
2016-08-08T17:56:27.962Z;-68;-93;-98;-94;-96;-98;-92;-94;-97;-99;-97;-98;-99;-99;-98;-100
2016-08-08T17:56:30.610Z;-69;-96;-92;-89;-98;-88;-96;-100;-98;-97;-97;-94;-98;-95;-101;-100
2016-08-08T17:56:33.259Z;-69;-96;-96;-85;-82;-95;-86;-101;-100;-100;-96;-99;-96;-95;-101;-100
2016-08-08T17:56:35.908Z;-69;-61;-54;-93;-99;-98;-99;-100;-96;-101;-97;-96;-93;-95;-97;-99
2016-08-08T17:56:38.556Z;-70;-96;-93;-94;-94;-101;-97;-90;-99;-101;-86;-85;-86;-89;-101;-97
2016-08-08T17:56:41.205Z;-69;-91;-95;-98;-94;-96;-91;-95;-100;-101;-89;-86;-92;-86;-97;-99
2016-08-08T17:56:43.853Z;-68;-96;-96;-92;-93;-95;-95;-100;-96;-99;-96;-93;-95;-95;-100;-96
2016-08-08T17:56:46.501Z;-69;-96;-83;-94;-95;-94;-89;-99;-100;-102;-86;-83;-79;-88;-98;-98
2016-08-08T17:56:49.149Z;-68;-93;-91;-94;-98;-98;-96;-78;-97;-95;-97;-98;-98;-95;-99;-96
2016-08-08T17:56:51.798Z;-69;-94;-99;-97;-91;-98;-99;-94;-95;-97;-97;-95;-98;-96;-101;-100
2016-08-08T17:56:54.447Z;-69;-94;-91;-95;-96;-92;-87;-86;-95;-100;-100;-96;-94;-98;-102;-99
2016-08-08T17:56:57.095Z;-70;-91;-70;-81;-93;-86;-88;-91;-86;-100;-99;-97;-94;-98;-100;-98
2016-08-08T17:56:59.743Z;-69;-92;-96;-93;-97;-85;-79;-92;-94;-98;-91;-86;-98;-99;-97;-100
2016-08-08T17:57:02.392Z;-69;-95;-91;-89;-97;-89;-86;-78;-82;-101;-98;-99;-94;-97;-100;-98
2016-08-08T17:57:05.040Z;-68;-93;-87;-95;-95;-89;-94;-82;-91;-97;-99;-96;-95;-100;-100;-99
2016-08-08T17:57:07.689Z;-68;-93;-87;-95;-96;-96;-97;-101;-101;-101;-97;-99;-95;-94;-99;-99
2016-08-08T17:57:10.337Z;-67;-92;-91;-97;-94;-95;-93;-99;-100;-102;-101;-98;-98;-99;-102;-98
2016-08-08T17:57:12.987Z;-69;-98;-93;-93;-86;-93;-98;-95;-98;-100;-95;-95;-96;-100;-101;-97
2016-08-08T17:57:15.634Z;-68;-90;-94;-90;-93;-99;-99;-101;-100;-98;-96;-99;-99;-100;-99;-100
2016-08-08T17:57:18.282Z;-69;-93;-94;-81;-88;-92;-92;-96;-98;-101;-99;-95;-96;-100;-98;-96
2016-08-08T17:57:20.931Z;-67;-95;-93;-94;-97;-99;-97;-99;-93;-99;-100;-100;-97;-97;-100;-98
2016-08-08T17:57:23.580Z;-67;-92;-86;-91;-90;-97;-89;-86;-96;-102;-98;-95;-100;-99;-101;-99
2016-08-08T17:57:26.228Z;-67;-84;-83;-93;-96;-90;-92;-87;-84;-98;-96;-95;-96;-95;-100;-98
2016-08-08T17:57:28.876Z;-69;-90;-93;-92;-93;-93;-97;-100;-97;-99;-97;-97;-95;-100;-102;-99
2016-08-08T17:57:31.525Z;-68;-64;-71;-90;-96;-96;-90;-98;-100;-100;-98;-98;-98;-97;-101;-96
2016-08-08T17:57:34.173Z;-69;-76;-84;-96;-91;-99;-97;-93;-92;-99;-96;-89;-93;-96;-101;-99
2016-08-08T17:57:36.822Z;-68;-93;-93;-93;-95;-93;-95;-93;-95;-101;-100;-98;-94;-99;-100;-99
2016-08-08T17:57:39.470Z;-69;-92;-80;-81;-90;-97;-92;-89;-93;-101;-99;-96;-96;-99;-98;-99
2016-08-08T17:57:42.118Z;-69;-90;-89;-91;-98;-98;-91;-90;-99;-96;-98;-98;-93;-99;-99;-96
2016-08-08T17:57:44.766Z;-70;-87;-78;-85;-84;-80;-97;-98;-99;-98;-96;-99;-98;-94;-101;-98
2016-08-08T17:57:47.415Z;-70;-73;-86;-91;-97;-92;-82;-90;-94;-101;-100;-98;-95;-97;-101;-98
2016-08-08T17:57:50.063Z;-72;-87;-85;-91;-92;-101;-98;-82;-98;-96;-96;-97;-99;-101;-101;-99
2016-08-08T17:57:52.711Z;-68;-68;-71;-92;-95;-89;-90;-99;-96;-98;-95;-93;-98;-99;-99;-96
2016-08-08T17:57:55.361Z;-70;-85;-81;-90;-95;-94;-94;-99;-93;-101;-99;-96;-93;-101;-100;-96
2016-08-08T17:57:58.009Z;-70;-87;-89;-92;-88;-96;-90;-95;-96;-98;-100;-99;-97;-98;-99;-98
2016-08-08T17:58:00.657Z;-70;-89;-85;-83;-91;-92;-87;-97;-98;-101;-98;-98;-97;-98;-98;-100
2016-08-08T17:58:03.306Z;-69;-94;-93;-93;-93;-98;-92;-95;-94;-102;-97;-98;-93;-97;-100;-100
2016-08-08T17:58:05.954Z;-71;-93;-86;-88;-94;-93;-97;-95;-95;-96;-98;-95;-94;-99;-101;-96
2016-08-08T17:58:08.602Z;-68;-93;-86;-94;-91;-92;-98;-96;-98;-96;-97;-97;-97;-95;-93;-99
2016-08-08T17:58:11.251Z;-79;-88;-92;-95;-98;-100;-88;-83;-95;-97;-100;-98;-96;-97;-98;-95
2016-08-08T17:58:13.899Z;-71;-56;-71;-92;-94;-101;-94;-93;-97;-99;-97;-98;-98;-100;-99;-101
2016-08-08T17:58:16.547Z;-70;-86;-90;-99;-93;-93;-98;-100;-100;-101;-96;-94;-94;-99;-101;-97
2016-08-08T17:58:19.195Z;-70;-68;-92;-94;-95;-98;-97;-89;-94;-99;-97;-99;-92;-96;-100;-97
2016-08-08T17:58:21.845Z;-72;-97;-86;-85;-89;-97;-97;-97;-98;-99;-95;-97;-94;-96;-98;-98
2016-08-08T17:58:24.493Z;-75;-96;-98;-95;-98;-95;-91;-94;-93;-100;-98;-90;-96;-91;-96;-96
2016-08-08T17:58:27.141Z;-74;-91;-90;-95;-96;-98;-100;-95;-96;-101;-96;-98;-98;-97;-96;-97
2016-08-08T17:58:29.790Z;-72;-92;-93;-92;-84;-84;-95;-89;-100;-101;-95;-97;-95;-97;-100;-99
2016-08-08T17:58:32.438Z;-73;-97;-94;-94;-91;-94;-96;-96;-100;-101;-98;-96;-95;-96;-100;-97
2016-08-08T17:58:35.087Z;-66;-68;-87;-91;-94;-96;-91;-90;-94;-99;-96;-96;-93;-98;-98;-100
2016-08-08T17:58:37.735Z;-71;-93;-92;-95;-97;-101;-100;-95;-100;-99;-97;-95;-96;-96;-97;-100
2016-08-08T17:58:40.383Z;-70;-97;-73;-91;-96;-88;-93;-91;-98;-101;-100;-97;-97;-98;-102;-98
2016-08-08T17:58:43.033Z;-69;-94;-88;-91;-93;-97;-98;-78;-92;-100;-101;-94;-94;-98;-100;-99
2016-08-08T17:58:45.680Z;-66;-95;-91;-96;-96;-91;-96;-97;-100;-102;-100;-96;-98;-96;-101;-98
2016-08-08T17:58:48.328Z;-64;-98;-97;-96;-95;-98;-95;-87;-96;-101;-88;-88;-90;-90;-99;-100
2016-08-08T17:58:50.977Z;-67;-90;-93;-92;-94;-97;-92;-82;-93;-96;-85;-91;-89;-91;-98;-101
2016-08-08T17:58:53.625Z;-72;-89;-85;-94;-96;-90;-97;-96;-101;-98;-83;-88;-88;-93;-97;-100
2016-08-08T17:58:56.274Z;-69;-78;-60;-78;-91;-99;-96;-99;-98;-101;-90;-95;-92;-95;-101;-99
2016-08-08T17:58:58.922Z;-68;-87;-96;-92;-76;-88;-90;-99;-100;-97;-97;-97;-96;-96;-98;-98
2016-08-08T17:59:01.571Z;-70;-88;-74;-93;-99;-98;-90;-92;-101;-101;-95;-86;-94;-99;-101;-99
2016-08-08T17:59:04.219Z;-71;-93;-84;-99;-97;-95;-94;-84;-93;-100;-93;-89;-89;-89;-101;-99
2016-08-08T17:59:06.867Z;-69;-95;-83;-94;-95;-91;-93;-92;-98;-98;-98;-94;-87;-94;-96;-99
2016-08-08T17:59:09.515Z;-67;-77;-88;-99;-96;-93;-95;-87;-97;-101;-97;-93;-86;-96;-99;-99
2016-08-08T17:59:12.164Z;-71;-94;-96;-89;-82;-90;-97;-93;-94;-95;-99;-93;-93;-101;-100;-97
2016-08-08T17:59:14.812Z;-71;-89;-85;-81;-91;-96;-100;-99;-98;-98;-96;-95;-98;-99;-100;-97
2016-08-08T17:59:17.461Z;-71;-91;-58;-83;-94;-98;-89;-97;-99;-102;-98;-98;-91;-98;-98;-91
2016-08-08T17:59:20.109Z;-70;-96;-92;-76;-93;-90;-98;-99;-91;-98;-97;-101;-97;-95;-95;-97
2016-08-08T17:59:22.757Z;-69;-94;-93;-94;-94;-97;-97;-91;-97;-98;-100;-96;-97;-99;-100;-97
2016-08-08T17:59:25.406Z;-69;-88;-96;-96;-98;-95;-93;-92;-100;-102;-100;-97;-98;-95;-98;-99
2016-08-08T17:59:28.054Z;-69;-92;-93;-94;-95;-96;-94;-98;-98;-97;-93;-89;-99;-98;-101;-97
2016-08-08T17:59:30.703Z;-68;-68;-96;-96;-90;-94;-97;-101;-100;-102;-94;-84;-83;-96;-100;-99
2016-08-08T17:59:33.351Z;-69;-84;-93;-100;-99;-94;-88;-93;-98;-101;-94;-83;-91;-94;-98;-97
2016-08-08T17:59:35.999Z;-69;-92;-84;-89;-98;-99;-97;-95;-96;-94;-90;-82;-83;-99;-97;-101
2016-08-08T17:59:38.648Z;-67;-93;-84;-82;-91;-94;-88;-95;-98;-101;-96;-84;-86;-92;-100;-99
2016-08-08T17:59:41.296Z;-74;-94;-88;-97;-98;-92;-99;-98;-92;-101;-100;-95;-94;-93;-99;-99
2016-08-08T17:59:43.945Z;-66;-96;-91;-99;-92;-94;-93;-98;-96;-96;-96;-92;-88;-95;-100;-99
2016-08-08T17:59:46.593Z;-68;-88;-77;-98;-94;-96;-84;-96;-98;-98;-92;-88;-96;-100;-98;-96
2016-08-08T17:59:49.242Z;-69;-83;-90;-94;-95;-92;-100;-93;-94;-99;-90;-86;-86;-94;-100;-94
2016-08-08T17:59:51.890Z;-70;-89;-87;-87;-85;-97;-90;-95;-98;-100;-99;-97;-99;-99;-93;-97
2016-08-08T17:59:54.538Z;-69;-95;-97;-93;-95;-97;-95;-96;-101;-101;-98;-95;-88;-97;-99;-99
2016-08-08T17:59:57.188Z;-70;-91;-93;-95;-91;-91;-81;-91;-94;-98;-100;-99;-98;-94;-98;-99
2016-08-08T17:59:59.835Z;-70;-91;-92;-85;-87;-94;-93;-98;-97;-100;-96;-97;-94;-99;-100;-99
2016-08-08T18:00:02.483Z;-70;-97;-92;-96;-97;-98;-98;-100;-100;-99;-96;-97;-98;-96;-99;-95
2016-08-08T18:00:05.131Z;-70;-96;-80;-91;-99;-90;-92;-88;-99;-98;-88;-86;-82;-84;-99;-93
2016-08-08T18:00:07.781Z;-65;-94;-91;-98;-94;-94;-90;-87;-95;-100;-95;-96;-96;-96;-99;-100
2016-08-08T18:00:10.429Z;-67;-91;-90;-93;-98;-98;-91;-95;-100;-102;-101;-99;-99;-96;-98;-97
2016-08-08T18:00:13.078Z;-67;-95;-59;-83;-89;-94;-98;-99;-100;-99;-95;-102;-98;-98;-101;-101
2016-08-08T18:00:15.726Z;-68;-91;-93;-95;-94;-91;-96;-100;-95;-98;-100;-92;-95;-98;-101;-100
2016-08-08T18:00:18.374Z;-68;-84;-92;-97;-95;-92;-99;-95;-97;-101;-101;-95;-95;-97;-97;-100
2016-08-08T18:00:21.028Z;-70;-89;-89;-92;-93;-93;-95;-95;-98;-96;-98;-97;-98;-97;-98;-97
2016-08-08T18:00:23.671Z;-72;-90;-81;-91;-98;-95;-95;-92;-100;-99;-101;-98;-96;-100;-96;-99
2016-08-08T18:00:26.319Z;-73;-87;-75;-95;-96;-98;-99;-96;-92;-100;-97;-101;-99;-99;-100;-98
2016-08-08T18:00:28.968Z;-74;-94;-91;-89;-94;-91;-86;-95;-99;-100;-95;-96;-95;-97;-100;-99
2016-08-08T18:00:31.632Z;-71;-90;-89;-93;-91;-98;-98;-100;-96;-97;-100;-97;-96;-97;-101;-99
2016-08-08T18:00:34.280Z;-73;-54;-57;-86;-95;-93;-94;-94;-98;-98;-96;-98;-100;-100;-98;-98
2016-08-08T18:00:36.928Z;-69;-96;-87;-88;-90;-97;-91;-86;-96;-98;-97;-95;-97;-100;-93;-95
2016-08-08T18:00:39.577Z;-75;-83;-68;-97;-95;-91;-91;-93;-100;-101;-99;-97;-97;-95;-101;-101
2016-08-08T18:00:42.225Z;-72;-94;-88;-85;-95;-97;-99;-101;-98;-100;-101;-96;-86;-97;-101;-99
2016-08-08T18:00:44.873Z;-73;-91;-90;-94;-89;-91;-90;-95;-94;-99;-96;-93;-96;-96;-99;-97
2016-08-08T18:00:47.522Z;-74;-89;-94;-95;-96;-91;-100;-91;-99;-102;-95;-99;-93;-98;-100;-99
2016-08-08T18:00:50.170Z;-73;-93;-87;-87;-95;-96;-91;-94;-95;-101;-96;-99;-97;-98;-98;-99
2016-08-08T18:00:52.819Z;-69;-94;-75;-92;-91;-91;-91;-92;-92;-101;-100;-93;-96;-97;-100;-97
2016-08-08T18:00:55.467Z;-70;-57;-68;-93;-89;-94;-91;-90;-97;-102;-99;-99;-94;-95;-101;-99
2016-08-08T18:00:58.116Z;-70;-90;-91;-91;-98;-100;-92;-89;-92;-98;-96;-88;-96;-99;-101;-100
2016-08-08T18:01:00.764Z;-76;-81;-84;-90;-95;-97;-98;-97;-100;-101;-97;-97;-96;-101;-101;-96
2016-08-08T18:01:03.417Z;-73;-94;-94;-92;-92;-94;-94;-95;-94;-101;-94;-90;-95;-98;-98;-100
2016-08-08T18:01:06.061Z;-75;-85;-89;-94;-92;-98;-95;-88;-100;-99;-98;-99;-97;-98;-98;-98
2016-08-08T18:01:08.709Z;-73;-96;-99;-94;-97;-93;-84;-94;-99;-99;-97;-98;-90;-96;-95;-98
2016-08-08T18:01:11.357Z;-78;-93;-91;-97;-98;-99;-87;-93;-98;-101;-94;-94;-98;-98;-98;-96
2016-08-08T18:01:14.007Z;-76;-95;-87;-92;-92;-96;-80;-96;-97;-101;-97;-98;-98;-100;-102;-100
2016-08-08T18:01:16.654Z;-70;-52;-84;-95;-93;-97;-90;-91;-97;-101;-95;-94;-96;-97;-99;-96
2016-08-08T18:01:19.303Z;-71;-96;-80;-98;-92;-90;-91;-93;-94;-101;-98;-99;-95;-96;-97;-99
2016-08-08T18:01:21.951Z;-74;-93;-97;-99;-96;-96;-98;-99;-100;-102;-97;-96;-97;-97;-99;-101
2016-08-08T18:01:24.600Z;-73;-92;-95;-93;-93;-101;-91;-95;-98;-102;-100;-97;-96;-97;-98;-100
2016-08-08T18:01:27.248Z;-81;-93;-96;-94;-94;-96;-98;-94;-100;-97;-98;-95;-97;-99;-100;-99
2016-08-08T18:01:29.896Z;-77;-95;-91;-93;-93;-84;-81;-73;-81;-100;-98;-94;-93;-101;-102;-98
2016-08-08T18:01:32.545Z;-75;-93;-85;-98;-99;-82;-76;-86;-83;-95;-99;-100;-100;-97;-100;-94
2016-08-08T18:01:35.193Z;-77;-92;-91;-95;-98;-81;-82;-80;-93;-98;-99;-98;-98;-101;-101;-99
2016-08-08T18:01:37.841Z;-71;-64;-94;-93;-93;-84;-81;-70;-91;-99;-95;-99;-97;-100;-100;-100
2016-08-08T18:01:40.490Z;-76;-94;-95;-98;-96;-94;-97;-97;-98;-101;-100;-95;-98;-97;-99;-101
2016-08-08T18:01:43.138Z;-76;-98;-97;-98;-94;-97;-96;-98;-100;-98;-99;-100;-97;-96;-102;-98
2016-08-08T18:01:45.786Z;-74;-89;-70;-83;-97;-93;-89;-90;-99;-100;-99;-94;-98;-98;-100;-101
2016-08-08T18:01:48.434Z;-75;-96;-97;-97;-92;-100;-100;-95;-93;-102;-97;-99;-96;-94;-98;-98
2016-08-08T18:01:51.083Z;-72;-88;-100;-93;-94;-99;-100;-100;-99;-97;-97;-96;-97;-99;-100;-98
2016-08-08T18:01:53.731Z;-76;-95;-85;-92;-97;-87;-88;-92;-95;-102;-95;-97;-90;-98;-101;-98
2016-08-08T18:01:56.380Z;-70;-89;-91;-83;-100;-96;-89;-93;-99;-96;-99;-94;-96;-96;-100;-100
2016-08-08T18:01:59.029Z;-69;-92;-88;-91;-96;-94;-85;-97;-98;-101;-100;-96;-98;-99;-101;-99
2016-08-08T18:02:01.676Z;-66;-95;-95;-92;-90;-85;-87;-89;-98;-101;-99;-93;-97;-100;-99;-101
2016-08-08T18:02:04.326Z;-70;-92;-77;-95;-96;-95;-94;-98;-99;-100;-98;-95;-98;-100;-100;-97
2016-08-08T18:02:06.974Z;-77;-91;-92;-99;-96;-92;-95;-94;-93;-101;-99;-100;-98;-99;-99;-96
2016-08-08T18:02:09.623Z;-79;-95;-97;-101;-99;-98;-85;-96;-101;-102;-99;-96;-98;-99;-101;-100
2016-08-08T18:02:12.271Z;-69;-69;-95;-94;-97;-100;-97;-96;-101;-99;-101;-98;-97;-100;-99;-99
2016-08-08T18:02:14.919Z;-70;-93;-91;-93;-90;-93;-94;-101;-96;-98;-98;-91;-96;-100;-101;-100
2016-08-08T18:02:17.567Z;-68;-93;-83;-95;-90;-95;-78;-85;-98;-98;-98;-89;-91;-99;-101;-98
2016-08-08T18:02:20.216Z;-67;-92;-94;-83;-95;-97;-98;-101;-97;-101;-96;-96;-98;-99;-99;-98
2016-08-08T18:02:22.870Z;-68;-87;-88;-95;-100;-92;-87;-94;-98;-97;-98;-96;-92;-95;-98;-98
2016-08-08T18:02:25.512Z;-68;-89;-92;-92;-96;-93;-97;-98;-97;-102;-98;-100;-97;-97;-101;-101
2016-08-08T18:02:28.161Z;-70;-87;-85;-94;-91;-96;-90;-92;-100;-100;-98;-96;-93;-96;-102;-101
2016-08-08T18:02:30.809Z;-67;-90;-83;-96;-100;-92;-87;-98;-95;-99;-96;-98;-93;-98;-100;-100
2016-08-08T18:02:33.458Z;-67;-64;-67;-92;-97;-94;-90;-92;-94;-101;-98;-95;-99;-97;-97;-98
2016-08-08T18:02:36.106Z;-69;-95;-88;-95;-94;-94;-98;-99;-100;-99;-97;-97;-96;-100;-97;-100
2016-08-08T18:02:38.754Z;-69;-93;-94;-91;-92;-89;-79;-92;-98;-102;-99;-93;-96;-95;-101;-97
2016-08-08T18:02:41.403Z;-67;-94;-94;-94;-90;-90;-95;-95;-94;-99;-98;-98;-96;-99;-99;-99
2016-08-08T18:02:44.051Z;-66;-93;-92;-93;-91;-81;-96;-96;-101;-101;-99;-98;-100;-97;-100;-99
2016-08-08T18:02:46.699Z;-69;-91;-93;-92;-87;-96;-89;-93;-101;-101;-100;-98;-96;-99;-99;-97
2016-08-08T18:02:49.348Z;-69;-95;-91;-92;-94;-90;-93;-96;-97;-97;-95;-94;-96;-100;-94;-98
2016-08-08T18:02:51.996Z;-67;-86;-92;-96;-94;-95;-93;-97;-101;-101;-99;-91;-93;-97;-100;-99
2016-08-08T18:02:54.644Z;-68;-67;-93;-96;-99;-98;-95;-88;-100;-101;-99;-97;-88;-95;-97;-99
2016-08-08T18:02:57.293Z;-70;-97;-93;-98;-100;-96;-90;-100;-96;-97;-99;-97;-96;-99;-98;-99
2016-08-08T18:02:59.941Z;-70;-91;-92;-90;-95;-93;-86;-97;-100;-101;-94;-89;-95;-98;-99;-98
2016-08-08T18:03:02.589Z;-70;-90;-79;-81;-90;-90;-98;-93;-99;-101;-97;-96;-95;-95;-100;-98
2016-08-08T18:03:05.237Z;-68;-95;-90;-98;-94;-95;-95;-88;-98;-98;-93;-96;-93;-99;-100;-99
2016-08-08T18:03:07.887Z;-69;-85;-93;-97;-101;-96;-91;-97;-98;-100;-98;-98;-96;-95;-100;-98
2016-08-08T18:03:10.535Z;-69;-88;-92;-90;-97;-93;-91;-86;-99;-98;-100;-97;-95;-98;-99;-101
2016-08-08T18:03:13.183Z;-70;-98;-90;-94;-88;-99;-100;-101;-99;-100;-97;-100;-94;-98;-98;-99
2016-08-08T18:03:15.832Z;-68;-88;-77;-98;-94;-91;-92;-97;-99;-102;-100;-96;-98;-100;-101;-98
2016-08-08T18:03:18.480Z;-66;-90;-87;-90;-83;-80;-94;-97;-91;-102;-99;-98;-98;-99;-97;-96
2016-08-08T18:03:21.128Z;-67;-82;-95;-93;-95;-95;-96;-101;-101;-99;-98;-96;-99;-100;-94;-100
2016-08-08T18:03:23.776Z;-68;-71;-61;-84;-89;-99;-96;-92;-84;-97;-98;-97;-96;-95;-96;-97
2016-08-08T18:03:26.425Z;-71;-92;-93;-90;-92;-97;-99;-99;-95;-99;-97;-94;-93;-100;-101;-98
2016-08-08T18:03:29.073Z;-71;-92;-85;-93;-95;-86;-91;-99;-97;-100;-97;-97;-97;-100;-100;-101
2016-08-08T18:03:31.722Z;-70;-91;-90;-93;-98;-98;-96;-89;-99;-101;-101;-96;-95;-99;-100;-102
2016-08-08T18:03:34.370Z;-70;-89;-90;-89;-96;-99;-93;-91;-96;-93;-79;-83;-82;-87;-99;-97
2016-08-08T18:03:37.018Z;-66;-87;-82;-80;-97;-91;-93;-91;-100;-100;-99;-97;-99;-98;-97;-100
2016-08-08T18:03:39.667Z;-65;-92;-84;-97;-90;-78;-84;-84;-93;-101;-97;-97;-98;-100;-100;-101
2016-08-08T18:03:42.316Z;-65;-82;-74;-94;-98;-88;-93;-97;-96;-99;-99;-100;-94;-99;-101;-99
2016-08-08T18:03:44.964Z;-66;-57;-64;-91;-98;-100;-94;-101;-98;-99;-95;-92;-94;-100;-101;-101
2016-08-08T18:03:47.612Z;-66;-94;-87;-96;-97;-101;-100;-95;-94;-100;-97;-97;-97;-98;-100;-101
2016-08-08T18:03:50.260Z;-66;-94;-95;-97;-91;-93;-96;-90;-93;-101;-98;-95;-99;-97;-100;-99
2016-08-08T18:03:52.909Z;-66;-97;-92;-99;-97;-86;-91;-94;-89;-101;-99;-95;-94;-100;-101;-96
2016-08-08T18:03:55.557Z;-70;-89;-77;-97;-96;-93;-80;-92;-92;-98;-99;-93;-96;-95;-99;-100
2016-08-08T18:03:58.205Z;-72;-91;-87;-96;-94;-93;-93;-95;-98;-101;-98;-95;-98;-101;-100;-99
2016-08-08T18:04:00.853Z;-67;-87;-88;-93;-89;-96;-97;-99;-97;-100;-96;-99;-97;-95;-101;-98
2016-08-08T18:04:03.502Z;-68;-85;-85;-88;-90;-93;-95;-93;-92;-93;-99;-98;-95;-100;-100;-99
2016-08-08T18:04:06.151Z;-73;-71;-52;-88;-95;-97;-94;-89;-95;-101;-98;-97;-97;-99;-99;-101
2016-08-08T18:04:08.799Z;-73;-89;-88;-95;-94;-98;-79;-92;-94;-100;-100;-95;-96;-95;-96;-101
2016-08-08T18:04:11.448Z;-69;-78;-89;-90;-94;-101;-97;-97;-97;-99;-101;-99;-95;-101;-101;-101
2016-08-08T18:04:14.096Z;-70;-95;-91;-97;-89;-86;-98;-100;-93;-101;-101;-98;-97;-99;-102;-99
2016-08-08T18:04:16.744Z;-71;-77;-89;-88;-99;-97;-96;-84;-99;-101;-101;-98;-96;-98;-99;-100
2016-08-08T18:04:19.392Z;-67;-60;-71;-82;-100;-99;-95;-100;-99;-96;-99;-97;-97;-98;-98;-97
2016-08-08T18:04:22.041Z;-72;-89;-96;-95;-94;-91;-95;-92;-97;-100;-100;-93;-97;-96;-101;-99
2016-08-08T18:04:24.689Z;-69;-96;-92;-92;-94;-98;-101;-87;-91;-100;-99;-97;-94;-97;-101;-99
2016-08-08T18:04:27.337Z;-66;-89;-95;-88;-89;-92;-99;-93;-97;-101;-100;-98;-95;-102;-101;-98
2016-08-08T18:04:29.987Z;-66;-89;-88;-95;-93;-94;-88;-88;-95;-101;-97;-98;-94;-101;-98;-98
2016-08-08T18:04:32.634Z;-69;-91;-88;-97;-96;-95;-89;-98;-92;-100;-100;-95;-98;-98;-98;-97
2016-08-08T18:04:35.283Z;-67;-88;-96;-92;-96;-99;-99;-94;-91;-101;-100;-100;-99;-96;-101;-97
2016-08-08T18:04:37.934Z;-76;-89;-91;-91;-89;-92;-94;-98;-92;-98;-96;-100;-96;-99;-99;-99
2016-08-08T18:04:40.580Z;-69;-70;-93;-96;-96;-87;-99;-99;-88;-102;-100;-98;-97;-97;-101;-100
2016-08-08T18:04:43.228Z;-71;-93;-96;-98;-95;-95;-94;-93;-92;-96;-95;-93;-95;-99;-101;-98
2016-08-08T18:04:45.878Z;-68;-93;-92;-92;-97;-95;-89;-86;-100;-98;-96;-96;-96;-99;-101;-100
2016-08-08T18:04:48.524Z;-67;-89;-87;-83;-87;-99;-92;-96;-95;-91;-98;-99;-98;-96;-100;-99
2016-08-08T18:04:51.173Z;-66;-99;-86;-94;-93;-93;-94;-99;-96;-98;-97;-95;-97;-101;-99;-97
2016-08-08T18:04:53.821Z;-65;-97;-89;-99;-97;-92;-91;-93;-96;-102;-99;-99;-98;-97;-99;-97
2016-08-08T18:04:56.470Z;-68;-86;-96;-93;-94;-97;-98;-97;-97;-100;-99;-98;-100;-95;-101;-96
2016-08-08T18:04:59.118Z;-66;-95;-94;-90;-79;-89;-98;-89;-98;-102;-98;-99;-95;-98;-100;-101
2016-08-08T18:05:01.767Z;-66;-56;-67;-86;-93;-94;-101;-90;-97;-100;-98;-96;-96;-98;-100;-100
2016-08-08T18:05:04.415Z;-67;-86;-93;-95;-94;-97;-95;-99;-99;-97;-96;-97;-97;-97;-101;-98
2016-08-08T18:05:07.063Z;-66;-96;-95;-99;-98;-96;-97;-97;-95;-99;-96;-98;-97;-97;-101;-98
2016-08-08T18:05:09.712Z;-64;-96;-96;-93;-96;-99;-99;-97;-97;-101;-101;-99;-98;-100;-98;-100
2016-08-08T18:05:12.360Z;-65;-89;-84;-81;-91;-92;-97;-100;-100;-102;-97;-99;-98;-100;-100;-98
2016-08-08T18:05:15.009Z;-65;-99;-91;-93;-96;-94;-87;-93;-91;-102;-96;-96;-95;-99;-99;-101
2016-08-08T18:05:17.657Z;-65;-93;-95;-90;-96;-99;-99;-99;-90;-101;-99;-97;-97;-98;-99;-98
2016-08-08T18:05:20.306Z;-66;-93;-94;-97;-89;-98;-96;-100;-97;-102;-99;-91;-101;-97;-100;-101
2016-08-08T18:05:22.963Z;-68;-64;-80;-89;-97;-99;-86;-93;-93;-99;-101;-99;-95;-95;-97;-98
2016-08-08T18:05:25.602Z;-65;-94;-92;-96;-90;-98;-92;-81;-91;-96;-98;-95;-97;-98;-102;-101
2016-08-08T18:05:28.251Z;-64;-98;-93;-98;-99;-95;-98;-98;-98;-101;-97;-96;-95;-100;-100;-101
2016-08-08T18:05:30.899Z;-98;-89;-88;-91;-97;-96;-93;-98;-95;-101;-100;-98;-96;-100;-98;-93
2016-08-08T18:05:33.547Z;-93;-96;-91;-88;-83;-99;-97;-95;-94;-96;-99;-99;-99;-98;-97;-95
2016-08-08T18:05:36.195Z;-97;-94;-92;-84;-90;-91;-99;-98;-95;-101;-98;-97;-96;-97;-101;-97
2016-08-08T18:05:38.843Z;-93;-88;-78;-93;-95;-81;-85;-83;-91;-92;-94;-95;-96;-99;-99;-98
2016-08-08T18:05:41.493Z;-98;-93;-90;-93;-98;-97;-96;-89;-97;-99;-99;-96;-95;-99;-100;-100
2016-08-08T18:05:44.141Z;-66;-68;-59;-95;-98;-91;-87;-88;-95;-101;-99;-98;-98;-99;-100;-99
2016-08-08T18:05:46.789Z;-71;-93;-97;-94;-94;-99;-101;-97;-94;-100;-99;-100;-92;-100;-96;-97
2016-08-08T18:05:49.437Z;-63;-92;-95;-99;-87;-98;-101;-100;-100;-101;-96;-99;-99;-99;-96;-97
2016-08-08T18:05:52.085Z;-68;-94;-89;-95;-88;-92;-87;-95;-98;-99;-99;-97;-96;-99;-102;-101
2016-08-08T18:05:54.734Z;-68;-94;-88;-91;-99;-96;-97;-99;-93;-98;-101;-92;-95;-98;-98;-97
2016-08-08T18:05:57.382Z;-64;-86;-89;-90;-96;-94;-99;-94;-99;-102;-98;-98;-94;-98;-100;-98
2016-08-08T18:06:00.039Z;-73;-89;-92;-93;-90;-96;-94;-95;-98;-101;-94;-99;-97;-96;-100;-100
2016-08-08T18:06:02.679Z;-59;-78;-80;-79;-86;-97;-97;-100;-98;-100;-99;-95;-95;-98;-102;-98
2016-08-08T18:06:05.328Z;-60;-50;-61;-95;-98;-95;-96;-91;-99;-102;-87;-85;-88;-91;-99;-101
2016-08-08T18:06:07.976Z;-66;-95;-96;-92;-97;-99;-96;-94;-91;-96;-96;-95;-95;-98;-102;-97
2016-08-08T18:06:10.624Z;-64;-93;-94;-90;-96;-100;-94;-93;-99;-99;-100;-96;-96;-98;-99;-100
2016-08-08T18:06:13.273Z;-64;-86;-90;-87;-85;-92;-95;-100;-98;-101;-97;-96;-98;-99;-100;-100
2016-08-08T18:06:15.921Z;-68;-93;-87;-94;-91;-79;-86;-70;-87;-99;-99;-95;-95;-98;-97;-99
2016-08-08T18:06:18.570Z;-65;-86;-90;-91;-97;-92;-88;-82;-84;-95;-99;-99;-97;-95;-97;-99
2016-08-08T18:06:21.218Z;-68;-92;-89;-92;-97;-92;-80;-84;-89;-99;-99;-94;-94;-94;-100;-95
2016-08-08T18:06:23.866Z;-68;-89;-92;-92;-86;-94;-98;-95;-94;-101;-99;-99;-99;-95;-99;-100
2016-08-08T18:06:26.514Z;-65;-77;-58;-85;-94;-82;-85;-96;-99;-100;-96;-90;-95;-99;-102;-97
2016-08-08T18:06:29.163Z;-69;-87;-93;-98;-89;-95;-93;-99;-98;-101;-100;-98;-95;-98;-98;-96
2016-08-08T18:06:31.811Z;-71;-98;-96;-96;-98;-98;-97;-99;-100;-102;-101;-98;-93;-95;-99;-100
2016-08-08T18:06:34.459Z;-63;-91;-73;-89;-92;-100;-90;-96;-98;-101;-99;-97;-97;-97;-100;-97
2016-08-08T18:06:37.108Z;-77;-93;-96;-98;-94;-93;-95;-98;-99;-101;-99;-95;-92;-92;-93;-98
2016-08-08T18:06:39.756Z;-76;-94;-89;-95;-97;-94;-90;-96;-97;-98;-100;-98;-93;-93;-100;-100
2016-08-08T18:06:42.405Z;-66;-88;-90;-93;-95;-99;-92;-90;-98;-101;-99;-90;-95;-89;-101;-100
2016-08-08T18:06:45.054Z;-68;-93;-91;-92;-94;-94;-95;-92;-99;-100;-99;-94;-93;-95;-100;-101
2016-08-08T18:06:47.701Z;-72;-82;-61;-83;-89;-100;-98;-99;-99;-99;-99;-100;-98;-98;-101;-96
2016-08-08T18:06:50.350Z;-75;-86;-90;-99;-96;-92;-100;-100;-100;-100;-97;-96;-95;-99;-98;-101
2016-08-08T18:06:53.000Z;-69;-90;-97;-97;-96;-87;-95;-94;-98;-101;-100;-94;-98;-90;-95;-99
2016-08-08T18:06:55.646Z;-66;-91;-93;-97;-88;-89;-89;-92;-99;-98;-101;-98;-96;-93;-100;-101
2016-08-08T18:06:58.295Z;-67;-88;-95;-97;-98;-96;-90;-100;-92;-99;-99;-99;-97;-98;-99;-99
2016-08-08T18:07:00.943Z;-70;-95;-95;-88;-91;-100;-99;-87;-97;-99;-97;-100;-100;-97;-100;-98
2016-08-08T18:07:03.591Z;-72;-94;-89;-95;-92;-88;-92;-97;-98;-97;-99;-94;-95;-101;-99;-100
2016-08-08T18:07:06.240Z;-68;-92;-71;-94;-93;-94;-91;-94;-99;-101;-98;-96;-96;-96;-98;-99
2016-08-08T18:07:08.888Z;-72;-68;-51;-91;-96;-94;-96;-96;-96;-100;-100;-100;-99;-99;-97;-98
2016-08-08T18:07:11.537Z;-67;-94;-94;-93;-85;-94;-100;-99;-81;-99;-96;-95;-99;-97;-101;-100
2016-08-08T18:07:14.185Z;-68;-86;-94;-91;-95;-93;-90;-93;-98;-100;-99;-93;-98;-98;-101;-99
2016-08-08T18:07:16.833Z;-71;-97;-94;-91;-95;-97;-96;-96;-97;-102;-97;-99;-95;-99;-101;-100
2016-08-08T18:07:19.482Z;-69;-95;-82;-96;-96;-95;-96;-100;-100;-99;-99;-97;-97;-100;-98;-97
2016-08-08T18:07:22.130Z;-69;-94;-98;-95;-99;-100;-95;-97;-99;-99;-97;-98;-93;-98;-98;-98
2016-08-08T18:07:24.778Z;-70;-93;-91;-98;-94;-99;-87;-90;-96;-97;-98;-96;-97;-95;-100;-102
2016-08-08T18:07:27.427Z;-67;-91;-76;-91;-94;-88;-91;-98;-101;-102;-98;-93;-90;-100;-101;-101
2016-08-08T18:07:30.075Z;-68;-73;-62;-91;-101;-98;-89;-94;-92;-101;-98;-96;-97;-96;-101;-99
2016-08-08T18:07:32.723Z;-67;-94;-96;-90;-84;-96;-93;-92;-100;-97;-98;-95;-95;-100;-98;-99
2016-08-08T18:07:35.371Z;-97;-91;-95;-96;-93;-90;-100;-99;-98;-99;-100;-92;-100;-99;-97;-99
2016-08-08T18:07:38.021Z;-91;-83;-98;-96;-96;-98;-90;-98;-93;-97;-97;-94;-95;-94;-97;-101
2016-08-08T18:07:40.668Z;-97;-99;-79;-97;-97;-96;-96;-95;-100;-100;-99;-96;-95;-99;-100;-95
2016-08-08T18:07:43.317Z;-92;-89;-92;-94;-94;-90;-89;-98;-99;-100;-97;-95;-97;-99;-101;-100
2016-08-08T18:07:45.965Z;-97;-97;-97;-95;-93;-101;-99;-98;-93;-100;-95;-99;-98;-99;-101;-99
2016-08-08T18:07:48.614Z;-95;-85;-93;-92;-92;-90;-89;-100;-97;-99;-100;-99;-96;-95;-99;-101
2016-08-08T18:07:51.262Z;-88;-57;-59;-88;-90;-91;-88;-98;-97;-100;-96;-93;-95;-94;-97;-99
2016-08-08T18:07:53.910Z;-97;-88;-83;-89;-96;-91;-96;-90;-95;-100;-98;-97;-98;-96;-100;-97
2016-08-08T18:07:56.558Z;-94;-91;-90;-90;-87;-98;-94;-99;-101;-101;-98;-95;-94;-100;-101;-98
2016-08-08T18:07:59.207Z;-94;-81;-76;-95;-89;-98;-86;-101;-100;-101;-98;-99;-96;-99;-100;-98
2016-08-08T18:08:01.856Z;-94;-97;-91;-89;-81;-89;-96;-98;-100;-101;-100;-96;-94;-100;-97;-100
2016-08-08T18:08:04.504Z;-98;-96;-94;-98;-99;-90;-92;-91;-98;-99;-97;-94;-96;-99;-100;-97
2016-08-08T18:08:07.152Z;-84;-85;-88;-94;-99;-101;-92;-96;-99;-102;-97;-98;-96;-95;-98;-99
2016-08-08T18:08:09.800Z;-95;-85;-92;-92;-92;-96;-98;-96;-97;-100;-99;-96;-96;-99;-99;-100
2016-08-08T18:08:12.449Z;-88;-50;-73;-88;-93;-91;-87;-77;-98;-101;-99;-95;-92;-99;-101;-101
